id,check,state,time
1,1,start,10:45:03
2,1,success,10:45:45
3,2,start,12:23:33
4,2,success,12:23:53
5,3,start,14:32:04
6,3,success,14:32:44
7,4,start,20:03:01
8,4,success,20:03:31
9,5,start,23:25:34
10,5,success,23:25:59
11,6,start,21:47:23
12,6,success,21:47:45
13,7,start,13:47:23
14,7,success,13:47:55
15,8,start,16:53:53
16,8,success,16:54:13
17,9,start,17:05:01
18,9,fail,17:05:11
19,10,start,22:14:51
20,10,success,22:15:21
21,11,start,16:43:18
22,11,success,16:43:51
23,12,start,19:44:43
24,12,success,19:45:21
25,13,start,14:47:12
26,13,success,14:47:39
27,14,start,13:01:18
28,14,success,13:01:33
29,15,start,14:30:33
30,15,success,14:31:01
31,16,start,13:23:54
32,16,success,13:24:33
33,17,start,22:43:22
34,17,success,22:43:51
35,18,start,1:07:18
36,18,success,1:07:29
37,19,start,13:59:49
38,19,success,14:00:24
39,21,start,21:15:15
40,21,success,21:16:04
41,22,start,7:10:25
42,22,success,7:10:44
43,23,start,2:58:25
44,23,success,2:59:09
45,24,start,23:16:14
46,24,success,23:17:09
47,25,start,1:10:49
48,25,success,1:11:19
49,26,start,23:20:48
50,26,success,23:20:59
51,27,success,13:29:15
52,27,start,13:29:45
53,28,success,10:15:23
54,28,start,10:15:56
55,29,start,16:50:41
56,29,success,16:51:01
57,30,start,11:55:33
58,30,success,11:55:57
59,31,start,12:31:11
60,31,success,12:31:55
61,33,start,22:55:12
62,33,success,22:55:33
63,34,start,22:45:00
64,34,success,22:45:31
